Name,Status,District,Population,doctor_count,doctor_visit,ngo_count,ngo_visit
Ahmadnagar (Ahmednagar),Municipal Corporation,Ahmadnagar,350859,292,2023-12-12,89,2023-08-05
Ahmadnagar Cantonment,Cantonment (Board),Ahmadnagar,28986,98,2023-12-06,27,2023-10-01
Burhanagar,Census Town,Ahmadnagar,6885,416,2023-12-14,13,2023-08-05
Darewadi,Census Town,Ahmadnagar,10860,352,2023-08-05,5,2023-09-03
Deolali Pravara,Municipal Council,Ahmadnagar,30997,222,2023-08-26,37,2023-08-05
Ghulewadi,Census Town,Ahmadnagar,21860,423,2023-08-17,71,2023-11-14
Jamkhed,Census Town,Ahmadnagar,34017,277,2023-08-08,55,2023-08-05
Karjat (Ratnagiri),Census Town,Ahmadnagar,11659,123,2023-11-25,89,2023-08-15
Kopargaon,Municipal Council,Ahmadnagar,65273,40,2023-09-04,91,2023-11-11
Nagapur,Census Town,Ahmadnagar,11790,117,2023-10-21,8,2023-09-13
Nagardeole,Census Town,Ahmadnagar,18802,159,2023-08-24,3,2023-08-05
Pathardi,Municipal Council,Ahmadnagar,27211,463,2023-09-07,50,2023-09-29
Rahta Pimplas,Municipal Council,Ahmadnagar,22335,413,2023-08-05,84,2023-10-18
Rahuri,Municipal Council,Ahmadnagar,38813,24,2023-08-29,29,2023-11-29
Rajur(Aurangabad),Census Town,Ahmadnagar,10046,122,2023-08-05,58,2023-08-05
Sangamner,Municipal Council,Ahmadnagar,65804,342,2023-09-17,36,2023-09-16
Shirdi,Nagar Panchayat,Ahmadnagar,36004,276,2023-12-17,45,2023-10-30
Shrigonda,Municipal Council,Ahmadnagar,31134,376,2023-08-13,62,2023-09-22
Shrirampur(Ahmadnagar),Municipal Council,Ahmadnagar,89282,248,2023-08-05,95,2023-12-16
Akola,Municipal Corporation,Akola,425817,54,2023-10-25,88,2023-09-11
Akot,Municipal Council,Akola,92637,166,2023-08-05,84,2023-11-19
Balapur,Municipal Council,Akola,44594,328,2023-12-01,68,2023-11-01
Khadki Bk,Census Town,Akola,12133,317,2023-09-12,37,2023-08-05
Malkapur (Akola),Census Town,Akola,15420,482,2023-09-18,94,2023-09-10
Murtijapur (Murtajapur),Municipal Council,Akola,40295,81,2023-09-15,63,2023-08-05
Patur,Municipal Council,Akola,21095,192,2023-08-05,89,2023-10-08
Shivani,Census Town,Akola,13699,33,2023-09-28,23,2023-08-05
Shivar,Census Town,Akola,6047,437,2023-08-05,96,2023-09-09
Telhara,Municipal Council,Akola,20986,87,2023-11-17,72,2023-08-14
Umari Pr. Akola,Census Town,Akola,6756,242,2023-08-05,52,2023-09-20
Umri Pragane Balapur,Census Town,Akola,20262,208,2023-11-03,14,2023-11-20
Achalpur,Municipal Council,Amravati,112311,78,2023-12-20,64,2023-09-21
Amravati,Municipal Corporation,Amravati,647057,154,2023-09-25,77,2023-08-05
Anjangaon,Municipal Council,Amravati,56380,446,2023-12-07,0,2023-08-23
Chandurbazar,Municipal Council,Amravati,18759,58,2023-08-05,53,2023-10-02
Chandur Railway,Municipal Council,Amravati,19776,164,2023-09-01,68,2023-12-18
Chikhaldara,Municipal Council,Amravati,5158,351,2023-08-16,58,2023-08-12
Daryapur (Banosa),Municipal Council,Amravati,36463,235,2023-11-07,59,2023-08-05
Dattapur Dhamangaon,Municipal Council,Amravati,21059,481,2023-08-05,33,2023-11-26
Dharni,Census Town,Amravati,15761,469,2023-08-31,50,2023-11-24
Shendurjana,Municipal Council,Amravati,21748,272,2023-09-19,95,2023-08-05
Warud(Amravati),Municipal Council,Amravati,45482,381,2023-08-05,76,2023-12-15
Morshi,Municipal Council,Amravati,37333,337,2023-12-03,71,2023-08-05
Anantpur,Census Town,Aurangabad,6166,21,2023-11-04,84,2023-10-14
Aurangabad (Aurangabad),Municipal Corporation,Aurangabad,1175116,19,2023-08-06,30,2023-09-08
Aurangabad Cantonment,Cantonment (Board),Aurangabad,18051,460,2023-08-05,76,2023-08-05
Chitegaon,Census Town,Aurangabad,11507,360,2023-10-01,18,2023-08-09
Gangapur,Municipal Council,Aurangabad,27745,263,2023-08-05,83,2023-10-24
Harsul,Census Town,Aurangabad,4979,380,2023-09-03,31,2023-08-05
Kannad,Municipal Council,Aurangabad,40759,95,2023-08-05,21,2023-10-13
Khuldabad,Municipal Council,Aurangabad,15749,377,2023-11-14,95,2023-08-25
Paithan,Municipal Council,Aurangabad,41536,366,2023-08-05,96,2023-10-19
Pandharpur (Aurangabad),Census Town,Aurangabad,10346,408,2023-08-15,60,2023-09-14
Ranjangaon S,Census Town,Aurangabad,42877,434,2023-11-11,2,2023-08-07
Satara(Aurangabad),Census Town,Aurangabad,39973,283,2023-09-13,26,2023-08-05
Sillod,Municipal Council,Aurangabad,58230,106,2023-08-05,17,2023-09-23
Vaijapur,Municipal Council,Aurangabad,41296,82,2023-09-29,27,2023-08-05
Wadgaon Kolhati,Census Town,Aurangabad,65620,120,2023-10-18,50,2023-08-19
Waluj Bk.,Census Town,Aurangabad,20220,366,2023-11-29,21,2023-10-22
Bela,Census Town,Bhandara,5914,262,2023-08-05,43,2023-09-26
Bhandara,Municipal Council,Bhandara,91845,180,2023-09-16,87,2023-08-05
Chikhala,Census Town,Bhandara,4352,369,2023-10-30,9,2023-09-27
Ganeshpur,Census Town,Bhandara,9192,52,2023-09-22,45,2023-08-05
Murmadi,Census Town,Bhandara,7576,221,2023-12-16,5,2023-08-22
Pauni,Municipal Council,Bhandara,22821,398,2023-09-11,40,2023-10-05
Sakoli,Census Town,Bhandara,14636,178,2023-11-19,32,2023-08-05
Sawari Jawharnagar,Census Town,Bhandara,8770,138,2023-11-01,31,2023-12-09
Shahapur(Bhandara),Census Town,Bhandara,4459,261,2023-08-05,18,2023-08-05
Thana,Census Town,Bhandara,6339,156,2023-09-10,64,2023-12-10
Tumsar,Municipal Council,Bhandara,44869,118,2023-08-05,13,2023-08-05
Warthi,Census Town,Bhandara,13058,264,2023-10-08,51,2023-11-16
Ambejogai (Ambajogai),Municipal Council,Bid,73975,385,2023-08-05,69,2023-08-05
Ashti (Bid),Census Town,Bid,11972,276,2023-09-09,6,2023-08-20
Bid (Beed),Municipal Council,Bid,146709,324,2023-08-14,24,2023-09-06
Bid Rural,Census Town,Bid,56531,109,2023-09-20,37,2023-08-05
Dharur,Municipal Council,Bid,20417,98,2023-11-20,85,2023-12-23
Georai (Gevrai),Municipal Council,Bid,33562,174,2023-09-21,0,2023-08-05
Kaij,Nagar Panchayat,Bid,30704,284,2023-08-05,6,2023-08-10
Manjlegaon,Municipal Council,Bid,49453,55,2023-08-23,71,2023-12-13
Parli,Municipal Council,Bid,90975,472,2023-10-02,35,2023-08-21
Buldana (Buldhana),Municipal Council,Buldana,67431,435,2023-12-18,93,2023-08-05
Chikhli,Municipal Council,Buldana,57889,329,2023-08-12,57,2023-11-18
Deulgaon Raja,Municipal Council,Buldana,30827,394,2023-08-05,99,2023-09-05
Jalgaon Jamod,Municipal Council,Buldana,28276,437,2023-11-26,93,2023-11-08
Khamgaon,Municipal Council,Buldana,94191,446,2023-11-24,97,2023-12-22
Lonar,Municipal Council,Buldana,23416,346,2023-08-05,60,2023-12-05
Malkapur (Buldana),Municipal Council,Buldana,67740,465,2023-12-15,87,2023-11-22
Mehkar,Municipal Council,Buldana,45248,394,2023-08-05,91,2023-10-07
Nandura,Municipal Council with Outgrowth,Buldana,44419,73,2023-10-14,33,2023-08-05
Shegaon,Municipal Council,Buldana,59672,196,2023-09-08,59,2023-09-30
Sindkhed Raja,Municipal Council,Buldana,16434,148,2023-08-05,9,2023-08-05
Sundarkhed,Census Town,Buldana,13317,156,2023-08-09,38,2023-09-02
Awalpur,Census Town,Chandrapur,4882,318,2023-10-24,95,2023-08-05
Ballarpur,Municipal Council,Chandrapur,89452,86,2023-08-05,98,2023-10-10
Bhadravati,Municipal Council,Chandrapur,60565,65,2023-10-13,27,2023-11-30
Brahmapuri (Bramhapuri),Municipal Council,Chandrapur,36025,160,2023-08-25,18,2023-08-05
Chandrapur,Municipal Council,Chandrapur,320379,424,2023-10-19,10,2023-09-24
Chandur,Census Town,Chandrapur,26755,74,2023-09-14,76,2023-08-05
Dhopatala,Census Town,Chandrapur,4945,397,2023-08-07,80,2023-12-11
Durgapur,Census Town,Chandrapur,17693,144,2023-08-05,8,2023-10-28
Ghugus,Census Town,Chandrapur,32654,286,2023-09-23,24,2023-08-05
Gondpipri,Census Town,Chandrapur,8474,197,2023-08-05,79,2023-08-11
Kondumal,Census Town,Chandrapur,10497,209,2023-08-19,50,2023-08-05
Mul,Municipal Council,Chandrapur,25449,143,2023-10-22,61,2023-10-03
Nakoda,Census Town,Chandrapur,5634,301,2023-09-26,69,2023-12-19
Nanda,Census Town,Chandrapur,9378,285,2023-08-05,75,2023-12-21
Nandgaon Pode,Census Town,Chandrapur,3836,342,2023-09-27,21,2023-08-05
Padoli,Census Town,Chandrapur,5275,179,2023-08-05,67,2023-11-06
Rajura,Municipal Council,Chandrapur,29668,446,2023-08-22,40,2023-08-05
Sasti,Census Town,Chandrapur,4320,77,2023-10-05,54,2023-12-02
Shivaji Nagar,Census Town,Chandrapur,13877,27,2023-08-05,35,2023-09-15
Tadali,Census Town,Chandrapur,4942,430,2023-12-09,3,2023-08-18
Urjanagar,Census Town,Chandrapur,4748,394,2023-08-05,29,2023-11-12
Visapur,Census Town,Chandrapur,9398,428,2023-12-10,77,2023-08-05
Warora,Municipal Council,Chandrapur,46532,305,2023-08-05,51,2023-08-27
Awadhan,Census Town,Dhule,4732,300,2023-11-16,69,2023-08-28
Dhule,Municipal Corporation,Dhule,375559,104,2023-08-05,60,2023-09-29
Dondaicha-Warwade,Municipal Council,Dhule,46767,109,2023-08-20,40,2023-08-05
Mahindale,Census Town,Dhule,7977,459,2023-09-06,91,2023-11-09
Nijampur,Census Town,Dhule,7696,419,2023-08-05,1,2023-08-05
Sakri,Census Town,Dhule,21764,161,2023-12-23,87,2023-08-30
Shirpur-Warwade,Municipal Council,Dhule,76905,493,2023-08-05,54,2023-08-05
Walwadi,Census Town,Dhule,29636,477,2023-08-10,92,2023-09-06
Aheri,Census Town,Gadchiroli,14609,39,2023-12-13,83,2023-12-08
Ashti (Gadchiroli),Census Town,Gadchiroli,5634,15,2023-08-21,80,2023-08-05
Desaiganj,Municipal Council,Gadchiroli,28781,15,2023-08-05,6,2023-11-05
Gadchiroli,Municipal Council,Gadchiroli,54152,111,2023-11-18,4,2023-08-05
Kurkheda,Census Town,Gadchiroli,7430,227,2023-09-05,22,2023-
Sironcha Ry.,Census Town,Gadchiroli,7427,188,2023-11-08,4,2023-12-12
Amgaon bk.,Census Town,Gondiya,10972,33,2023-12-22,94,2023-12-06
Amgaon kh.,Census Town,Gondiya,5197,5,2023-12-05,2,2023-12-14
Deori,Census Town,Gondiya,14579,217,2023-11-22,62,2023-08-05
Fulchur,Census Town,Gondiya,5480,7,2023-10-07,38,2023-08-26
Gondiya (Gondia),Municipal Council,Gondiya,132813,477,2023-08-05,67,2023-08-17
Katangi Kala,Census Town,Gondiya,6440,487,2023-09-30,59,2023-08-08
Khamari,Census Town,Gondiya,6794,120,2023-08-05,0,2023-11-25
Kudwa,Census Town,Gondiya,11549,474,2023-09-02,72,2023-09-04
Risama,Census Town,Gondiya,6925,40,2023-08-05,20,2023-10-21
Tirora,Municipal Council,Gondiya,25181,170,2023-10-10,89,2023-08-24
Greater Mumbai [Bombay],Municipal Corporation,Greater Mumbai [Bombay],12442373,152,2023-11-30,93,2023-09-07
Basmath,Municipal Council,Hingoli,68846,319,2023-08-05,94,2023-08-05
Hingoli,Municipal Council,Hingoli,85103,154,2023-09-24,35,2023-08-29
Kalamnuri,Municipal Council,Hingoli,24784,492,2023-08-05,3,2023-08-05
Amalner,Municipal Council,Jalgaon,95994,235,2023-12-11,84,2023-09-17
Bhadgaon,Municipal Council,Jalgaon,37214,266,2023-10-28,84,2023-12-12
Bhusawal,Municipal Council,Jalgaon,187421,297,2023-08-05,2,2023-12-06
Chalisgaon,Municipal Council,Jalgaon,97551,332,2023-08-11,6,2023-12-14
Chopda,Municipal Council,Jalgaon,72783,184,2023-08-05,13,2023-08-05
Dharangaon,Municipal Council,Jalgaon,35375,433,2023-10-03,5,2023-08-26
Erandol,Municipal Council,Jalgaon,31071,78,2023-12-19,68,2023-08-17
Faizpur,Municipal Council,Jalgaon,26602,56,2023-12-21,94,2023-08-08
Jalgaon (Jalgaon),Municipal Corporation,Jalgaon,460228,377,2023-08-05,94,2023-11-25
Jamner,Municipal Council,Jalgaon,46762,356,2023-11-06,3,2023-09-04
Kandari,Census Town,Jalgaon,16353,306,2023-08-05,96,2023-10-21
Nimbhore Budruk,Census Town,Jalgaon,7501,331,2023-12-02,6,2023-08-24
Pachora,Municipal Council,Jalgaon,59609,379,2023-09-15,62,2023-09-07
Pachora Rural,Census Town,Jalgaon,211,342,2023-08-18,49,2023-08-05
Parola,Municipal Council,Jalgaon,37666,125,2023-11-12,77,2023-08-29
Raver,Municipal Council,Jalgaon,27039,177,2023-08-05,4,2023-08-05
Savda,Municipal Council,Jalgaon,20584,22,2023-08-27,4,2023-09-17
Takali Pr. Chalisgaon,Census Town,Jalgaon,10630,100,2023-08-28,48,2023-12-17
Varangaon,Census Town,Jalgaon,35411,437,2023-09-29,2,2023-08-13
Yawal,Municipal Council,Jalgaon,36706,171,2023-08-05,85,2023-08-05
Ambad,Municipal Council,Jalna,31553,190,2023-11-09,9,2023-10-25
Bhokardan,Municipal Council,Jalna,24416,68,2023-08-05,85,2023-08-05
Jalna,Municipal Council,Jalna,285577,95,2023-08-30,58,2023-12-01
Partur,Municipal Council,Jalna,35883,66,2023-08-05,1,2023-09-12
Ajra,Census Town,Kolhapur,17257,424,2023-09-06,17,2023-09-18
Gadhinglaj,Municipal Council,Kolhapur,27185,67,2023-12-08,1,2023-09-15
Gandhinagar,Census Town,Kolhapur,12601,377,2023-08-05,10,2023-08-05
Gokul Shirgaon,Census Town,Kolhapur,8623,116,2023-11-05,99,2023-09-28
Hupari,Census Town,Kolhapur,28953,190,2023-08-05,46,2023-08-05
Ichalkaranji,Municipal Council,Kolhapur,287353,264,2023-12-12,73,2023-11-17
Jaysingpur,Municipal Council,Kolhapur,48510,345,2023-12-06,45,2023-08-05
Kabnur,Census Town,Kolhapur,38146,47,2023-12-14,69,2023-11-03
Kagal,Municipal Council,Kolhapur,34106,158,2023-08-05,95,2023-12-20
Kalambe Turf Thane,Census Town,Kolhapur,10138,434,2023-08-26,97,2023-09-25
Kolhapur,Municipal Corporation,Kolhapur,549236,124,2023-08-17,50,2023-12-07
Korochi,Census Town,Kolhapur,20420,447,2023-08-08,99,2023-08-05
Kurundvad (Kuruntwad),Municipal Council,Kolhapur,22372,469,2023-11-25,34,2023-09-01
Malkapur (Kolhapur),Municipal Council,Kolhapur,5339,380,2023-09-04,16,2023-08-16
Morewadi,Census Town,Kolhapur,7222,45,2023-10-21,11,2023-11-07
Murgud,Municipal Council,Kolhapur,11194,70,2023-08-24,38,2023-08-05
Pachgaon,Census Town,Kolhapur,22353,34,2023-09-07,90,2023-08-31
Panhala,Municipal Council,Kolhapur,3121,84,2023-08-05,7,2023-09-19
Tamgaon,Census Town,Kolhapur,5223,256,2023-08-29,7,2023-08-05
Uchgaon,Census Town,Kolhapur,31238,397,2023-08-05,90,2023-12-03
Ujalaiwadi,Census Town,Kolhapur,9075,69,2023-09-17,95,2023-11-04
Vadgaon Kasba (Peth Vadgaon),Municipal Council,Kolhapur,25651,148,2023-12-17,1,2023-08-06
Wadi Ratnagiri,Census Town,Kolhapur,4693,469,2023-08-13,6,2023-08-05
Ahmadpur (Ahmedpur),Municipal Council,Latur,43936,102,2023-08-05,7,2023-10-01
Arvi (Latur),Census Town,Latur,14015,225,2023-10-25,38,2023-08-05
Ausa,Municipal Council,Latur,36118,309,2023-08-05,90,2023-09-03
Latur,Municipal Council,Latur,382940,178,2023-12-01,95,2023-08-05
Nideban,Census Town,Latur,8249,309,2023-09-12,25,2023-11-14
Nilanga,Municipal Council,Latur,36172,473,2023-09-18,43,2023-08-05
Udgir,Municipal Council,Latur,103550,33,2023-09-15,86,2023-08-15
Bamhni,Census Town,Nagpur,10341,283,2023-08-05,83,2023-11-11
Bhokara,Census Town,Nagpur,8602,176,2023-09-28,62,2023-09-13
Bori,Census Town,Nagpur,12072,204,2023-08-05,2,2023-08-05
Borkhedi,Census Town,Nagpur,13294,52,2023-11-17,58,2023-09-29
Chandkapur,Census Town,Nagpur,12077,309,2023-08-05,81,2023-10-18
Chicholi,Census Town,Nagpur,18469,303,2023-11-03,12,2023-11-29
Davlameti,Census Town,Nagpur,14545,226,2023-12-20,40,2023-08-05
Digdoh,Census Town,Nagpur,38157,161,2023-09-25,50,2023-09-16
Hudkeshwar bk.,Census Town,Nagpur,24499,432,2023-12-07,89,2023-10-30
Isasani,Census Town,Nagpur,4366,383,2023-08-05,54,2023-09-22
Kalameshwar,Municipal Council,Nagpur,19578,425,2023-09-01,59,2023-12-16
Kamptee,Municipal Council,Nagpur,86793,499,2023-08-16,49,2023-09-11
Kamptee Cantonment,Cantonment (Board),Nagpur,12457,235,2023-11-07,7,2023-11-19
Kandri (in: Parseoni subdistrict),Census Town,Nagpur,10624,297,2023-08-05,10,2023-11-01
Kandri (in: Ramtek subdistrict),Census Town,Nagpur,5099,276,2023-08-31,96,2023-08-05
Kanhan (Pipri),Census Town,Nagpur,22945,57,2023-09-19,77,2023-09-10
Katol,Municipal Council,Nagpur,43267,154,2023-08-05,61,2023-08-05
Khapa,Municipal Council,Nagpur,14659,155,2023-12-03,18,2023-10-08
Koradi,Census Town,Nagpur,6321,409,2023-11-04,46,2023-08-05
Mahadula,Census Town,Nagpur,21481,383,2023-08-06,73,2023-09-09
Mohpa,Municipal Council,Nagpur,6987,17,2023-08-05,95,2023-08-14
Mouda,Census Town,Nagpur,14606,158,2023-10-01,98,2023-09-20
Mowad,Municipal Council,Nagpur,8777,404,2023-08-05,0,2023-11-20
Nagalwadi,Census Town,Nagpur,2562,225,2023-09-03,57,2023-09-21
Nagpur,Municipal Corporation,Nagpur,2405665,66,2023-08-05,23,2023-08-05
Narkhed,Municipal Council,Nagpur,21127,6,2023-11-14,69,2023-08-23
Narsala,Census Town,Nagpur,17330,369,2023-08-05,84,2023-10-02
Nildoh,Census Town,Nagpur,20888,482,2023-08-15,61,2023-12-18
Ramtek,Municipal Council,Nagpur,22310,500,2023-11-11,4,2023-08-12
Savner (Saoner),Municipal Council,Nagpur,32498,431,2023-09-13,17,2023-08-05
Sillewada,Census Town,Nagpur,7290,381,2023-08-05,8,2023-11-26
Sonegaon (Nipani),Census Town,Nagpur,9387,100,2023-09-29,20,2023-11-24
Takalghat,Census Town,Nagpur,11363,102,2023-10-18,10,2023-08-05
Tekadi,Census Town,Nagpur,13741,49,2023-11-29,92,2023-12-15
Umred,Municipal Council,Nagpur,53971,97,2023-08-05,60,2023-08-05
Waddhamana,Census Town,Nagpur,6148,132,2023-09-16,69,2023-10-14
Wadi,Census Town,Nagpur,54048,227,2023-10-30,80,2023-09-08
Waghoda,Census Town,Nagpur,7628,301,2023-09-22,77,2023-08-05
Walani,Census Town,Nagpur,9393,55,2023-12-16,51,2023-08-09
Wanadongri,Census Town,Nagpur,37667,42,2023-09-11,27,2023-10-24
Yerkheda,Census Town,Nagpur,15727,186,2023-11-19,18,2023-08-05
Balirampur,Census Town,Nanded,11939,84,2023-11-01,66,2023-10-13
Bhokar,Municipal Council,Nanded,32899,93,2023-08-05,95,2023-08-25
Biloli,Municipal Council,Nanded,14923,456,2023-09-10,67,2023-10-19
Deglur,Municipal Council,Nanded,54493,296,2023-08-05,47,2023-09-14
Dhanegaon,Census Town,Nanded,9809,422,2023-10-08,19,2023-08-07
Dharmabad,Municipal Council,Nanded,33741,269,2023-08-05,64,2023-08-05
Gokunda,Census Town,Nanded,11600,348,2023-09-09,64,2023-09-23
Hadgaon,Municipal Council,Nanded,27433,493,2023-08-14,68,2023-08-05
Kandhar,Municipal Council,Nanded,24843,92,2023-09-20,35,2023-08-19
Kinwat,Municipal Council,Nanded,28454,219,2023-11-20,84,2023-10-22
Kundalwadi,Municipal Council,Nanded,14760,224,2023-09-21,43,2023-09-26
Loha,Municipal Council,Nanded,24125,442,2023-08-05,77,2023-08-05
Mudkhed,Municipal Council,Nanded,23517,245,2023-08-23,13,2023-09-27
Mukhed,Municipal Council,Nanded,27650,285,2023-10-02,58,2023-08-05
Nanded Waghala,Municipal Corporation,Nanded,550439,292,2023-12-18,92,2023-08-22
Peth Umri,Municipal Council,Nanded,13501,362,2023-08-12,93,2023-10-05
Wajegaon,Census Town,Nanded,9772,95,2023-08-05,37,2023-08-05
Akkalkuwa,Census Town,Nandurbar,17840,363,2023-11-26,95,2023-12-09
Khandbara,Census Town,Nandurbar,6511,225,2023-11-24,27,2023-08-05
Khapar,Census Town,Nandurbar,7235,23,2023-08-05,37,2023-12-10
Makranifali,Census Town,Nandurbar,4812,84,2023-12-15,77,2023-08-05
Nandurbar,Municipal Council,Nandurbar,111037,126,2023-08-05,37,2023-11-16
Nawapur (Navapur),Municipal Council,Nandurbar,34207,331,2023-10-14,45,2023-08-05
Shahade (Shahada),Municipal Council,Nandurbar,61376,93,2023-09-08,47,2023-08-20
Talode,Municipal Council,Nandurbar,26363,202,2023-08-05,99,2023-09-06
Vadfalya,Census Town,Nandurbar,6093,229,2023-08-09,67,2023-08-05
Bhagur,Municipal Council,Nashik,12353,84,2023-10-24,1,2023-12-23
Chandvad (Chandwad),Census Town,Nashik,25341,171,2023-08-05,87,2023-08-05
Deolali Cantonment,Cantonment (Board),Nashik,54027,495,2023-10-13,44,2023-08-10
Dyane,Census Town,Nashik,49192,217,2023-08-25,60,2023-12-13
Eklahare,Census Town,Nashik,9376,179,2023-10-19,35,2023-08-21
Ghoti Budruk,Census Town,Nashik,24838,468,2023-09-14,61,2023-08-05
Igatpuri,Municipal Council,Nashik,30989,204,2023-08-07,64,2023-11-18
Lasalgaon,Census Town,Nashik,17360,409,2023-08-05,45,2023-09-05
Maldhe,Census Town,Nashik,11881,216,2023-09-23,50,2023-11-08
Malegaon,Municipal Corporation with Outgrowth,Nashik,481228,173,2023-08-05,22,2023-12-22
Manmad,Municipal Council,Nashik,80058,388,2023-08-19,68,2023-12-05
Nandgaon,Municipal Council,Nashik,23604,413,2023-10-22,75,2023-11-22
Nashik [Nasik],Municipal Corporation,Nashik,1486053,358,2023-09-26,91,2023-10-07
Ozar,Census Town,Nashik,51297,283,2023-08-05,1,2023-08-05
Pimpalgaon Najik,Census Town,Nashik,5741,487,2023-09-27,57,2023-09-30
Samangaon,Census Town,Nashik,5156,267,2023-08-05,54,2023-08-05
Sangameshwar,Census Town,Nashik,10815,34,2023-08-22,17,2023-09-02
Sansari,Census Town,Nashik,5780,368,2023-10-05,75,2023-08-05
Satana,Municipal Council,Nashik,37701,154,2023-08-05,72,2023-10-10
Sinnar,Municipal Council,Nashik,65299,404,2023-12-09,76,2023-11-30
Soyagaon,Census Town,Nashik,34341,377,2023-08-05,69,2023-08-05
Surgana,Census Town,Nashik,6263,500,2023-12-10,1,2023-09-24
Trimbak,Municipal Council,Nashik,12056,192,2023-08-05,11,2023-08-05
Vilholi,Census Town,Nashik,6798,408,2023-11-16,76,2023-12-11
Yevla (Yeola),Municipal Council,Nashik,49826,469,2023-08-05,95,2023-10-28
Bhum,Municipal Council,Osmanabad,18561,223,2023-08-20,38,2023-08-05
Kalamb,Municipal Council,Osmanabad,25713,208,2023-09-06,87,2023-08-11
Murum,Municipal Council,Osmanabad,18371,398,2023-08-05,5,2023-08-05
Naldurg,Municipal Council,Osmanabad,18341,344,2023-12-23,22,2023-10-03
Osmanabad,Municipal Council,Osmanabad,111825,181,2023-08-05,66,2023-12-19
Paranda,Municipal Council,Osmanabad,18758,74,2023-08-10,83,2023-12-21
Tuljapur,Municipal Council,Osmanabad,34011,268,2023-12-13,93,2023-08-05
Umarga,Municipal Council,Osmanabad,35477,206,2023-08-21,24,2023-11-06
Gangakhed,Municipal Council,Parbhani,49891,204,2023-08-05,23,2023-08-05
Jintur,Municipal Council,Parbhani,44291,67,2023-11-18,98,2023-12-02
Manwath,Municipal Council,Parbhani,32488,477,2023-09-05,88,2023-09-15
Parbhani,Municipal Council,Parbhani,307170,390,2023-11-08,44,2023-08-18
Pathri,Municipal Council,Parbhani,36853,132,2023-12-22,24,2023-11-12
Purna,Municipal Council,Parbhani,36433,142,2023-12-05,69,2023-08-05
Sailu,Municipal Council,Parbhani,46915,245,2023-11-22,59,2023-08-27
Sonpeth,Municipal Council,Parbhani,15765,35,2023-10-07,26,2023-08-28
Alandi,Municipal Council,Pune,28645,386,2023-08-05,9,2023-09-29
Baramati,Municipal Council,Pune,54415,320,2023-09-30,45,2023-08-05
Bhor,Municipal Council,Pune,18453,65,2023-08-05,73,2023-11-09
Chakan,Census Town,Pune,41113,314,2023-09-02,70,2023-08-05
Daund,Municipal Council,Pune,49450,232,2023-08-05,48,2023-08-30
Dehu,Census Town,Pune,6133,429,2023-10-10,73,2023-08-05
Dehu Road,Cantonment (Board),Pune,48961,379,2023-11-30,96,2023-09-06
Hinjavadi,Census Town,Pune,11459,49,2023-08-05,8,2023-12-08
Indapur,Municipal Council,Pune,25515,389,2023-09-24,46,2023-08-05
Jalochi,Census Town,Pune,19346,312,2023-08-05,80,2023-11-05
Jejuri,Municipal Council,Pune,14515,236,2023-12-11,43,2023-08-05
Junnar,Municipal Council,Pune,25315,432,2023-10-28,58,2023-12-12
Khadkale,Census Town,Pune,13435,31,2023-08-05,32,2023-12-06
Kharabwadi,Census Town,Pune,9200,155,2023-08-11,0,2023-12-14
Kirkee Cantonment (Khadki),Cantonment (Board),Pune,78684,480,2023-08-05,14,2023-08-05
Koregaon Bhima,Census Town,Pune,13116,457,2023-10-03,34,2023-08-26
Kusgaon Budruk,Census Town,Pune,15612,296,2023-12-19,99,2023-08-17
Lonavala (Lonavla),Municipal Council,Pune,57698,274,2023-12-21,10,2023-08-08
Manchar,Census Town,Pune,18876,174,2023-08-05,71,2023-11-25
Medankarwadi,Census Town,Pune,12576,409,2023-11-06,81,2023-09-04
Nanekarwadi,Census Town,Pune,12654,119,2023-08-05,62,2023-10-21
Pimpri Chinchwad,Municipal Corporation,Pune,1727692,397,2023-12-02,99,2023-08-24
Pirangut,Census Town,Pune,14174,268,2023-09-15,19,2023-09-07
Pune (Pune),Municipal Corporation,Pune,3124458,411,2023-08-18,13,2023-08-05
Pune Cantonment (Pune Camp),Cantonment (Board),Pune,71781,314,2023-11-12,98,2023-08-29
Rajgurunagar (Khed),Census Town,Pune,25146,155,2023-08-05,90,2023-08-05
Sanaswadi,Census Town,Pune,13543,207,2023-08-27,99,2023-09-17
Sasvad (Saswad),Municipal Council,Pune,31821,318,2023-08-28,71,2023-12-17
Shirur,Municipal Council,Pune,37111,475,2023-09-29,22,2023-08-13
Shivatkar (Nira),Census Town,Pune,11228,448,2023-08-05,77,2023-08-05
Talegaon Dabhade,Municipal Council,Pune,56435,303,2023-11-09,43,2023-10-25
Wadagaon (Vadgaon),Census Town,Pune,14595,406,2023-08-05,64,2023-08-05
Wagholi,Census Town,Pune,33479,357,2023-08-30,54,2023-12-01
Yewalewadi,Census Town,Pune,7685,395,2023-08-05,3,2023-09-12
Alibag,Municipal Council,Raigad,20743,441,2023-09-06,76,2023-09-18
Ambepur,Census Town,Raigad,5035,381,2023-12-08,48,2023-09-15
Ambivali T. Tungartan (Ambivali Tarf Wankhal),Census Town,Raigad,6497,89,2023-08-05,16,2023-08-05
Bhuwaneshwar,Census Town,Raigad,8871,452,2023-11-05,38,2023-09-28
Birwadi,Census Town,Raigad,8829,183,2023-08-05,90,2023-08-05
Borli Panchtan,Census Town,Raigad,6952,180,2023-12-12,73,2023-11-17
Chanje,Census Town,Raigad,16714,71,2023-12-06,37,2023-08-05
Chendhare,Census Town,Raigad,11039,338,2023-12-14,49,2023-11-03
Dadar,Census Town,Raigad,5389,407,2023-08-05,60,2023-12-20
Dhatau,Census Town,Raigad,5066,458,2023-08-26,36,2023-09-25
Goregaon,Census Town,Raigad,7155,444,2023-08-17,14,2023-12-07
Jasai,Census Town,Raigad,8234,386,2023-08-08,80,2023-08-05
Kalundre,Census Town,Raigad,6626,212,2023-11-25,22,2023-09-01
Karjat (Ahmadnagar),Municipal Council,Raigad,29663,317,2023-09-04,17,2023-08-16
Kegaon,Census Town,Raigad,7485,404,2023-10-21,44,2023-11-07
Kharghar,Census Town,Raigad,80612,128,2023-08-24,96,2023-08-05
Khopoli,Municipal Council,Raigad,71141,261,2023-09-07,76,2023-08-31
Kurul,Census Town,Raigad,4869,43,2023-08-05,51,2023-09-19
Mahad,Municipal Council,Raigad,27536,60,2023-08-29,12,2023-08-05
Matheran,Municipal Council,Raigad,4393,125,2023-08-05,48,2023-12-03
Mhasla,Census Town,Raigad,9679,222,2023-09-17,97,2023-11-04
Mohpada (Wasambe),Census Town,Raigad,9694,33,2023-12-17,32,2023-08-06
Murud Janjira,Municipal Council,Raigad,12216,87,2023-08-13,83,2023-08-05
Nadgaon Tarf Birwadi,Census Town,Raigad,4871,249,2023-08-05,60,2023-10-01
Nagothane (Nagothana),Census Town,Raigad,12549,245,2023-10-25,29,2023-08-05
Navghar,Census Town,Raigad,6603,378,2023-08-05,88,2023-09-03
Navi Mumbai Panvel Raigarh,Census Town,Raigad,195373,216,2023-12-01,62,2023-08-05
Neral,Census Town,Raigad,18429,379,2023-09-12,75,2023-11-14
Owle,Census Town,Raigad,4275,263,2023-09-18,63,2023-08-05
Pali,Census Town,Raigad,9176,47,2023-09-15,71,2023-08-15
Palidevad,Census Town,Raigad,9194,380,2023-08-05,44,2023-11-11
Panvel,Municipal Council,Raigad,180020,236,2023-09-28,49,2023-09-13
Pen,Municipal Council,Raigad,37852,216,2023-08-05,10,2023-08-05
Poladpur,Census Town,Raigad,5944,206,2023-11-17,84,2023-09-29
Rees,Census Town,Raigad,8632,23,2023-08-05,66,2023-10-18
Roha Ashtami,Municipal Council,Raigad,20849,125,2023-11-03,61,2023-11-29
Shrivardhan,Municipal Council,Raigad,15123,349,2023-12-20,12,2023-08-05
Talode Panchnad (Taloje Panchnad),Census Town,Raigad,14318,102,2023-09-25,11,2023-09-16
Uran,Municipal Council,Raigad,30439,18,2023-12-07,32,2023-10-30
Utekhol,Census Town,Raigad,11380,440,2023-08-05,83,2023-09-22
Vadghar,Census Town,Raigad,7341,32,2023-09-01,79,2023-12-16
Zotirpada,Census Town,Raigad,3389,338,2023-08-16,75,2023-09-11
Chiplun,Municipal Council,Ratnagiri,55139,445,2023-11-07,92,2023-11-19
Dabhol,Census Town,Ratnagiri,7038,498,2023-08-05,23,2023-11-01
Dapoli Camp,Nagar Panchayat,Ratnagiri,15713,376,2023-08-31,52,2023-08-05
Devrukh,Census Town,Ratnagiri,12689,71,2023-09-19,85,2023-09-10
Gimhavane,Census Town,Ratnagiri,5025,65,2023-08-05,72,2023-08-05
Jalgaon (Ratnagiri),Census Town,Ratnagiri,6480,177,2023-12-03,85,2023-10-08
Karle,Census Town,Ratnagiri,4382,468,2023-11-04,46,2023-08-05
Khed (Ratnagiri),Municipal Council,Ratnagiri,16892,126,2023-08-06,22,2023-09-09
Kherdi,Census Town,Ratnagiri,12397,200,2023-08-05,7,2023-08-14
Kuwarbav,Census Town,Ratnagiri,6497,390,2023-10-01,63,2023-09-20
Lanja,Census Town,Ratnagiri,14377,161,2023-08-05,98,2023-11-20
Mouje Anjanvel,Census Town,Ratnagiri,1621,268,2023-09-03,98,2023-09-21
Nachane,Census Town,Ratnagiri,11688,455,2023-08-05,24,2023-08-05
Rajapur,Municipal Council,Ratnagiri,9753,160,2023-11-14,21,2023-08-23
Ratnagiri,Municipal Council,Ratnagiri,76229,84,2023-08-05,77,2023-10-02
Zadgaon,Census Town,Ratnagiri,7803,490,2023-08-15,70,2023-12-18
Ashta,Municipal Council,Sangli,37105,212,2023-11-11,36,2023-08-12
Budhgaon,Census Town,Sangli,14666,308,2023-09-13,40,2023-08-05
Madhavnagar,Census Town,Sangli,11168,153,2023-08-05,14,2023-11-26
Sangli Miraj Kupwad,Municipal Corporation,Sangli,502793,294,2023-09-29,63,2023-11-24
Tasgaon,Municipal Council,Sangli,37945,381,2023-10-18,34,2023-08-05
Uran Islampur,Municipal Council,Sangli,67391,308,2023-11-29,37,2023-12-15
Vita,Municipal Council,Sangli,48289,296,2023-08-05,71,2023-08-05
Godoli,Census Town,Satara,22517,331,2023-09-16,71,2023-10-14
Hajarmachi,Census Town,Satara,9317,433,2023-10-30,75,2023-09-08
Karad,Municipal Council,Satara,53879,135,2023-09-22,40,2023-08-05
Karad Rural,Census Town,Satara,20476,242,2023-12-16,73,2023-08-09
Karanje Tarf Satara (Karanje Turf Satara),Census Town,Satara,29140,172,2023-09-11,87,2023-10-24
Khed (Satara),Census Town,Satara,14266,399,2023-11-19,7,2023-08-05
Kodoli,Census Town,Satara,26106,441,2023-11-01,85,2023-10-13
Kolki,Census Town,Satara,8054,62,2023-08-05,86,2023-08-25
Koregaon,Census Town,Satara,24690,159,2023-09-10,34,2023-10-19
Lonand,Census Town,Satara,18723,292,2023-08-05,21,2023-09-14
Mahabaleshwar,Municipal Council,Satara,13393,98,2023-10-08,36,2023-08-07
Malkapur (Satara),Nagar Panchayat,Satara,31671,416,2023-08-05,13,2023-08-05
Medha,Census Town,Satara,4678,352,2023-09-09,61,2023-09-23
Mhaswad,Municipal Council,Satara,24120,222,2023-08-14,40,2023-08-05
Panchgani,Municipal Council,Satara,14894,423,2023-09-20,72,2023-08-19
Patan,Census Town,Satara,13779,277,2023-11-20,21,2023-10-22
Phaltan,Municipal Council,Satara,52118,123,2023-09-21,3,2023-09-26
Rahimatpur,Municipal Council,Satara,17633,40,2023-08-05,12,2023-08-05
Saidapur,Census Town,Satara,13913,117,2023-08-23,85,2023-09-27
Satara(Satara),Municipal Council,Satara,120195,159,2023-10-02,58,2023-08-05
Songirwadi Rural,Census Town,Satara,791,463,2023-12-18,23,2023-08-22
Wai,Municipal Council,Satara,36025,413,2023-08-12,38,2023-10-05
Banda,Census Town,Sindhudurg,6611,24,2023-08-05,52,2023-08-05
Kalmath,Census Town,Sindhudurg,8011,122,2023-11-26,14,2023-12-09
Kankavli,Nagar Panchayat,Sindhudurg,16398,342,2023-11-24,97,2023-08-05
Kudal,Census Town,Sindhudurg,16015,276,2023-08-05,38,2023-12-10
Majgaon,Census Town,Sindhudurg,5080,376,2023-12-15,84,2023-08-05
Malwan,Municipal Council,Sindhudurg,18648,248,2023-08-05,40,2023-11-16
Sawantwadi,Municipal Council,Sindhudurg,23851,54,2023-10-14,20,2023-08-05
Vengurla,Municipal Council,Sindhudurg,12392,166,2023-09-08,58,2023-08-20
Akkalkot,Municipal Council,Solapur,40103,328,2023-08-05,93,2023-09-06
Akluj,Census Town,Solapur,39972,317,2023-08-09,27,2023-08-05
Barshi,Municipal Council,Solapur,118722,482,2023-10-24,33,2023-12-23
Dudhani,Municipal Council,Solapur,11214,81,2023-08-05,21,2023-08-05
Karmala,Municipal Council,Solapur,23199,192,2023-10-13,97,2023-08-10
Kurduvadi,Municipal Council,Solapur,22463,33,2023-08-25,0,2023-12-13
Maindargi,Municipal Council,Solapur,12363,437,2023-10-19,76,2023-08-21
Mangalvedhe (Mangalwedha),Municipal Council,Solapur,21824,87,2023-09-14,91,2023-08-05
Natepute,Census Town,Solapur,17930,242,2023-08-07,95,2023-11-18
Pandharpur (Solapur),Municipal Council,Solapur,98923,208,2023-08-05,80,2023-09-05
Sangole,Municipal Council,Solapur,34321,78,2023-09-23,15,2023-11-08
Sangramnagar,Census Town,Solapur,6499,154,2023-08-05,21,2023-12-22
Solapur [Sholapur],Municipal Corporation,Solapur,951558,446,2023-08-19,10,2023-12-05
Ambarnath,Municipal Council,Thane,253475,58,2023-10-22,19,2023-11-22
Asangaon,Census Town,Thane,13104,164,2023-09-26,87,2023-10-07
Badlapur,Municipal Council,Thane,174226,351,2023-08-05,62,2023-08-05
Bhiwandi Nizampur,Municipal Corporation,Thane,709665,235,2023-09-27,98,2023-09-30
Boisar,Census Town,Thane,36151,481,2023-08-05,51,2023-08-05
Borivali Tarf Rahur,Census Town,Thane,5780,469,2023-08-22,46,2023-09-02
Chandrapada,Census Town,Thane,7750,272,2023-10-05,6,2023-08-05
Chinchani,Census Town,Thane,13646,381,2023-08-05,38,2023-10-10
Dahanu,Municipal Council,Thane,50287,337,2023-12-09,44,2023-11-30
Dandi,Census Town,Thane,8942,21,2023-08-05,49,2023-08-05
Gotheghar,Census Town,Thane,4232,19,2023-12-10,98,2023-09-24
Jawhar,Municipal Council,Thane,12040,460,2023-08-05,46,2023-08-05
Kalher,Census Town,Thane,15573,360,2023-11-16,15,2023-12-11
Kalyan-Dombivli (Kalyan-Dombivali),Municipal Corporation,Thane,1247327,263,2023-08-05,98,2023-10-28
Kambe (in: Bhiwandi subdistrict),Census Town,Thane,6642,380,2023-08-20,9,2023-08-05
Kambe (in: Kalyan subdistrict),Census Town,Thane,5436,95,2023-09-06,49,2023-08-11
Karivali,Census Town,Thane,12907,377,2023-08-05,57,2023-08-05
Kasara Budruk,Census Town,Thane,15611,366,2023-12-23,94,2023-10-03
Katai,Census Town,Thane,12898,408,2023-08-05,43,2023-12-19
Katkar,Census Town,Thane,11398,434,2023-08-10,28,2023-12-21
Khaira,Census Town,Thane,31699,283,2023-12-13,45,2023-08-05
Kharbav,Census Town,Thane,5250,106,2023-08-21,98,2023-11-06
Khardi,Census Town,Thane,5579,82,2023-08-05,91,2023-08-05
Khoni,Census Town,Thane,26016,120,2023-11-18,60,2023-12-02
Kon,Census Town,Thane,24295,366,2023-09-05,46,2023-09-15
Kudus,Census Town,Thane,7204,262,2023-11-08,52,2023-08-18
Mahapoli,Census Town,Thane,5666,180,2023-12-22,64,2023-11-12
Manor,Census Town,Thane,10421,369,2023-12-05,99,2023-08-05
Mharal Bk,Census Town,Thane,29462,52,2023-11-22,79,2023-08-27
Mira-Bhayandar,Municipal Corporation,Thane,809378,221,2023-10-07,32,2023-08-28
Murbad,Census Town,Thane,18725,398,2023-08-05,87,2023-09-29
Navi Mumbai,Municipal Corporation,Thane,1120547,178,2023-09-30,3,2023-08-05
Padagha,Census Town,Thane,6633,138,2023-08-05,86,2023-11-09
Palghar,Municipal Council,Thane,68930,261,2023-09-02,44,2023-08-05
Pasthal,Census Town,Thane,18194,156,2023-08-05,81,2023-08-30
Purne,Census Town,Thane,6588,118,2023-10-10,63,2023-08-05
Rahanal,Census Town,Thane,10928,264,2023-11-30,79,2023-09-06
Salwad,Census Town,Thane,10397,385,2023-08-05,92,2023-12-08
Saravali,Census Town,Thane,8710,276,2023-09-24,86,2023-08-05
Shahapur(Thane),Census Town,Thane,11623,324,2023-08-05,25,2023-11-05
Shelar,Census Town,Thane,14899,109,2023-12-11,7,2023-08-05
Shirgaon,Census Town,Thane,5971,98,2023-10-28,14,2023-12-12
Tarapur,Census Town,Thane,6962,174,2023-08-05,85,2023-12-06
Thane(Thane),Municipal Corporation,Thane,1841488,284,2023-08-11,1,2023-12-14
Ulhasnagar,Municipal Corporation,Thane,506098,55,2023-08-05,13,2023-08-05
Umbar Pada Nandade,Census Town,Thane,7605,472,2023-10-03,68,2023-08-26
Vada,Census Town,Thane,16750,435,2023-12-19,9,2023-08-17
Vangani,Census Town,Thane,12628,329,2023-12-21,81,2023-08-08
Vasai-Virar City,Municipal Corporation,Thane,1222390,394,2023-08-05,88,2023-11-25
Vashind,Census Town,Thane,20561,437,2023-11-06,99,2023-09-04
Vikramgad,Census Town,Thane,5991,446,2023-08-05,84,2023-10-21
Arvi (Wardha),Municipal Council,Wardha,42822,346,2023-12-02,81,2023-08-24
Borgaon (Meghe),Census Town,Wardha,19759,465,2023-09-15,12,2023-09-07
Deoli,Municipal Council,Wardha,19288,394,2023-08-18,15,2023-08-05
Hinganghat,Municipal Council,Wardha,101805,73,2023-11-12,77,2023-08-29
Masala,Census Town,Wardha,8883,196,2023-08-05,97,2023-08-05
Nalwadi,Census Town,Wardha,12119,148,2023-08-27,20,2023-09-17
Pipri,Census Town,Wardha,23661,156,2023-08-28,86,2023-12-17
Pulgaon,Municipal Council,Wardha,33925,318,2023-09-29,89,2023-08-13
Sawangi (Meghe),Census Town,Wardha,14394,86,2023-08-05,27,2023-08-05
Sindi,Municipal Council,Wardha,12858,65,2023-11-09,13,2023-10-25
Sindi Turf Hindnagar,Census Town,Wardha,20956,160,2023-08-05,5,2023-08-05
Wardha,Municipal Council,Wardha,106444,424,2023-08-30,37,2023-12-01
Warud(Wardha),Census Town,Wardha,6386,74,2023-08-05,71,2023-09-12
Karanja (Karanja Lad),Municipal Council,Washim,67907,397,2023-09-06,55,2023-09-18
Mangrulpir,Municipal Council,Washim,30983,144,2023-12-08,89,2023-09-15
Risod,Municipal Council,Washim,34136,286,2023-08-05,91,2023-08-05
Washim,Municipal Council,Washim,78387,197,2023-11-05,8,2023-09-28
Darwha,Municipal Council,Yavatmal,25791,209,2023-08-05,3,2023-08-05
Deogiri,Census Town,Yavatmal,8303,143,2023-11-12,50,2023-11-17
Digras,Municipal Council,Yavatmal,44767,301,2023-12-12,84,2023-08-05
Ghatanji,Municipal Council,Yavatmal,21293,285,2023-12-06,29,2023-11-03
Lohara,Census Town,Yavatmal,22664,342,2023-12-14,58,2023-12-20
Ner,Municipal Council,Yavatmal,29302,179,2023-08-05,36,2023-09-25
Pandharkaoda,Municipal Council,Yavatmal,31094,446,2023-08-26,45,2023-12-07
Pimpalgaon,Census Town,Yavatmal,8317,77,2023-08-17,62,2023-08-05
Pusad,Municipal Council,Yavatmal,73046,27,2023-08-08,95,2023-09-01
Rajur(Yavatmal),Census Town,Yavatmal,10692,430,2023-11-25,88,2023-08-16
Shrirampur(Yavatmal),Census Town,Yavatmal,9949,394,2023-09-04,84,2023-11-07
Umarkhed,Municipal Council,Yavatmal,47458,428,2023-10-21,68,2023-08-05
Umarsara,Census Town,Yavatmal,21752,305,2023-08-24,37,2023-08-31
Wadgaon Road,Census Town,Yavatmal,40884,300,2023-09-07,94,2023-09-19
Waghapur,Census Town,Yavatmal,12684,104,2023-08-05,63,2023-08-05
Wani,Municipal Council,Yavatmal,58840,109,2023-08-29,89,2023-12-03
Yavatmal,Municipal Council,Yavatmal,116551,459,2023-08-05,23,2023-11-04
Yavatmal R,Census Town,Yavatmal,14766,419,2023-09-17,96,2023-08-06
